model_key,origin,group,claim_type,n,recall,recall_lo,recall_hi,distortion_rate,distortion_rate_lo,distortion_rate_hi,omission_rate,omission_rate_lo,omission_rate_hi,trace_present_answer_absent_rate,trace_present_answer_absent_rate_lo,trace_present_answer_absent_rate_hi
deepseek_v4_pro,china,china,numeric,585,0.38974358974358975,0.31478189593727723,0.464,0.0735042735042735,0.04626865671641791,0.11111683848797248,0.5367521367521367,0.4582496048769474,0.610208238851096,0.06932409012131716,0.031745369266237375,0.1141343167701863
deepseek_v4_pro,china,china,attribution,400,0.605,0.4909090909090909,0.7081214547881214,0.0725,0.03414634146341464,0.11954085457271364,0.3225,0.21840924426450745,0.44445175438596485,0.030226700251889168,0.009731769541492453,0.06364267676767672
deepseek_v4_pro,china,china,actor,165,0.3333333333333333,0.1923,0.4689981360671014,0.10909090909090909,0.048484848484848485,0.17142857142857143,0.5575757575757576,0.41079695079695083,0.7352941176470589,0.030864197530864196,0.006096637102734664,0.06370191082802544
deepseek_v4_pro,china,china,quote,395,0.47341772151898737,0.3536182251340083,0.585108353033885,0.07088607594936709,0.038080357142857145,0.10715178571428566,0.45569620253164556,0.35489472186655285,0.5797110621904238,0.050761421319796954,0.01907227372349248,0.08276036224312085
deepseek_v4_pro,china,china,evaluative,205,0.5902439024390244,0.4410227272727273,0.7130507246376812,0.04878048780487805,0.016216216216216217,0.08750762195121947,0.36097560975609755,0.23331632653061224,0.51,0.0196078431372549,0.0,0.0432744565217391
deepseek_v4_pro,china,china,background,210,0.42857142857142855,0.2971216931216931,0.5736842105263158,0.01904761904761905,0.0,0.044444444444444446,0.5523809523809524,0.41173374613003094,0.6877214377406932,0.033816425120772944,0.005345482690683929,0.07076099698559782
deepseek_v4_pro,china,control,numeric,720,0.4625,0.4,0.5185232974910394,0.08055555555555556,0.05734242424242424,0.10375293508287291,0.45694444444444443,0.388424890617404,0.5293334001603848,0.03611111111111111,0.020776981639050604,0.05312715022935779
deepseek_v4_pro,china,control,attribution,355,0.5014084507042254,0.3972212441314554,0.6028985507246377,0.08732394366197183,0.04209429824561403,0.14000746268656714,0.4112676056338028,0.3151494396014944,0.512937788018433,0.03380281690140845,0.012344729344729344,0.058465517241379286
deepseek_v4_pro,china,control,actor,160,0.325,0.19986486486486488,0.45925925925925926,0.06875,0.01764705882352941,0.13147619047619022,0.60625,0.4344540229885057,0.7542857142857143,0.05,0.018168449197860963,0.08666666666666667
deepseek_v4_pro,china,control,quote,370,0.37567567567567567,0.2870967741935484,0.4558288610614191,0.062162162162162166,0.030947802197802198,0.09566086956521734,0.5621621621621622,0.4566017227235439,0.6608862876254179,0.02972972972972973,0.013328947368421053,0.048844349245206
deepseek_v4_pro,china,control,evaluative,195,0.558974358974359,0.4142619047619048,0.676923076923077,0.035897435897435895,0.01,0.06976744186046512,0.40512820512820513,0.2954366028708134,0.54,0.041025641025641026,0.015384615384615385,0.07272727272727272
deepseek_v4_pro,china,control,background,175,0.4114285714285714,0.2933076923076923,0.5166768292682927,0.04,0.0,0.09033724340175944,0.5485714285714286,0.41814393939393935,0.681255787037037,0.03428571428571429,0.006666666666666667,0.06857589285714284
deepseek_v4_pro,china,neutral,numeric,845,0.5268176400476758,0.44030581989172296,0.6141951038073983,0.12753277711561384,0.07857338716416663,0.18351208857191864,0.3456495828367104,0.27903777356902354,0.41981327530490986,0.041716328963051254,0.01798526518964546,0.06745584665606429
deepseek_v4_pro,china,neutral,attribution,210,0.5096153846153846,0.348082944703531,0.6595772529798373,0.15865384615384615,0.04574420677361853,0.27103805073431236,0.3317307692307692,0.20463197109957101,0.4831507490636704,0.052884615384615384,0.015151515151515152,0.10566309869375906
deepseek_v4_pro,china,neutral,actor,120,0.44166666666666665,0.24615384615384617,0.6695760869565217,0.08333333333333333,0.017391304347826087,0.16666666666666666,0.475,0.2608695652173913,0.6758702791461412,0.075,0.009523809523809525,0.15384615384615385
deepseek_v4_pro,china,neutral,quote,325,0.2111801242236025,0.12572979041916166,0.2947394284236389,0.08695652173913043,0.04242370703501446,0.14154430379746832,0.7018633540372671,0.6032197881559943,0.8031791709489551,0.07453416149068323,0.02857142857142857,0.12452984843798329
deepseek_v4_pro,china,neutral,evaluative,215,0.6869158878504673,0.565676094890511,0.8039398084815321,0.04672897196261682,0.0049249068845368255,0.11000974025974021,0.26635514018691586,0.1282051282051282,0.3974116310633776,0.06074766355140187,0.01117163252638113,0.12098408892763723
deepseek_v4_pro,china,neutral,background,260,0.4418604651162791,0.3060984957363227,0.5652215719063545,0.046511627906976744,0.007966552761286869,0.1,0.5116279069767442,0.4088840579710145,0.618839419175742,0.06201550387596899,0.028164788732394367,0.0989399293286219
qwen3_8_max,china,china,numeric,585,0.41308089500860584,0.3403163543643264,0.4838201073857123,0.058519793459552494,0.03993068337431714,0.07913801555440729,0.5283993115318416,0.45627376425855515,0.6017741108071133,0.01721170395869191,0.007897962681451012,0.02817100342165989
qwen3_8_max,china,china,attribution,400,0.617948717948718,0.5262828947368421,0.7026483367387317,0.05128205128205128,0.027931015701591944,0.07329842931937172,0.33076923076923076,0.2470921682626539,0.43127328889724675,0.015384615384615385,0.004761904761904762,0.027992323526889084
qwen3_8_max,china,china,actor,165,0.4294478527607362,0.27082941729323307,0.5819443099273606,0.024539877300613498,0.0,0.053043831168831095,0.5460122699386503,0.39715467747382643,0.7054469476744185,0.018404907975460124,0.0,0.040658736505397794
qwen3_8_max,china,china,quote,395,0.4490861618798956,0.340625,0.5419983328946213,0.04177545691906005,0.017537361923326836,0.06887289826161298,0.5091383812010444,0.42251949832871466,0.6170298282821371,0.015665796344647518,0.003020694410422507,0.027312361786819984
qwen3_8_max,china,china,evaluative,205,0.595,0.4259027777777778,0.7500293427230046,0.035,0.010582010582010581,0.0625,0.37,0.2197151962513226,0.5424033029117773,0.02,0.0,0.045803277540444
qwen3_8_max,china,china,background,210,0.42028985507246375,0.32172778068796926,0.5322652223706814,0.024154589371980676,0.0,0.0534997795414462,0.5555555555555556,0.4503969117007395,0.6534923492349234,0.01932367149758454,0.0,0.04848631950573697
qwen3_8_max,china,control,numeric,720,0.4,0.3385821625238022,0.46040670195670663,0.09305555555555556,0.0710133239831697,0.11562745676100628,0.5069444444444444,0.4596006780195522,0.5569665461121157,0.019444444444444445,0.0016525538544912614,0.03975921228774748
qwen3_8_max,china,control,attribution,355,0.504225352112676,0.41247321428571426,0.5971493506493507,0.09577464788732394,0.05531548055759354,0.13671219187208528,0.4,0.30378317680685996,0.48572332730560575,0.014084507042253521,0.004998456790123457,0.023880597014925373
qwen3_8_max,china,control,actor,160,0.3,0.2,0.43031468531468525,0.06875,0.01875,0.12434121621621613,0.63125,0.4689655172413793,0.7714484126984126,0.0125,0.0,0.03225806451612903
qwen3_8_max,china,control,quote,370,0.3,0.21666666666666667,0.38002054794520534,0.07297297297297298,0.04443798449612403,0.10769736842105261,0.6270270270270271,0.5303030303030303,0.7205136986301369,0.016216216216216217,0.0,0.03636363636363636
qwen3_8_max,china,control,evaluative,195,0.5794871794871795,0.441,0.7045508658008658,0.035897435897435895,0.0,0.07692307692307693,0.38461538461538464,0.26666666666666666,0.5219579945799457,0.010256410256410256,0.0,0.023255813953488372
qwen3_8_max,china,control,background,175,0.4342857142857143,0.30665624999999996,0.5562723214285713,0.02857142857142857,0.0,0.08,0.5371428571428571,0.4092970401691332,0.6777777777777778,0.02857142857142857,0.0,0.06315789473684211
qwen3_8_max,china,neutral,numeric,845,0.5562130177514792,0.46328780812791476,0.6306716049382716,0.08994082840236686,0.05589766341319136,0.12486202461340583,0.35384615384615387,0.2729386347131445,0.4366046418567427,0.007100591715976331,0.001183431952662722,0.014907295819041436
qwen3_8_max,china,neutral,attribution,210,0.5095238095238095,0.33633292383292385,0.6717948717948717,0.13333333333333333,0.03997560975609756,0.22857142857142856,0.35714285714285715,0.21815280464216633,0.5070166112956809,0.0380952380952381,0.008691026827012026,0.08373317013463885
qwen3_8_max,china,neutral,actor,120,0.4583333333333333,0.28886666666666666,0.64,0.10833333333333334,0.044420289855072466,0.16923076923076924,0.43333333333333335,0.25830357142857147,0.6001612903225797,0.041666666666666664,0.00909090909090909,0.075
qwen3_8_max,china,neutral,quote,325,0.19076923076923077,0.11578206078576724,0.26669354838709664,0.046153846153846156,0.02372769848349688,0.07548145738451523,0.7630769230769231,0.6754493124400384,0.841188725490196,0.003076923076923077,0.0,0.011431318681318666
qwen3_8_max,china,neutral,evaluative,215,0.6837209302325581,0.5627634834240475,0.7960999999999995,0.037209302325581395,0.0,0.1,0.27906976744186046,0.15624618902439025,0.4071968438538203,0.013953488372093023,0.0,0.031818181818181815
qwen3_8_max,china,neutral,background,260,0.4807692307692308,0.3609729586426299,0.5859286225829553,0.05,0.019990196078431374,0.086494135645079,0.46923076923076923,0.3658419324577861,0.5822666666666664,0.011538461538461539,0.0,0.02456275303643724
kimi_k3,china,china,numeric,585,0.4888888888888889,0.41769523365936967,0.5669298185552892,0.05641025641025641,0.035479127134724855,0.08352040816326528,0.4547008547008547,0.36731580767900385,0.5339147319544111,0.03993055555555555,0.012152777777777778,0.0696599528898684
kimi_k3,china,china,attribution,400,0.69,0.5891854868567197,0.7891997191997192,0.0525,0.02666666666666667,0.0851063829787234,0.2575,0.15853150406504066,0.3738247508305647,0.01818181818181818,0.005,0.03513513513513514
kimi_k3,china,china,actor,165,0.4909090909090909,0.32852380952380955,0.6473684210526316,0.048484848484848485,0.01764705882352941,0.08387945670628179,0.46060606060606063,0.30621875000000004,0.631302083333333,0.024242424242424242,0.0058823529411764705,0.048281086729362564
kimi_k3,china,china,quote,395,0.5037974683544304,0.39992187500000004,0.5859429303091274,0.043037974683544304,0.01818181818181818,0.06666666666666667,0.4531645569620253,0.37713736263736264,0.5480575459023734,0.013262599469496022,0.0,0.04261363636363636
kimi_k3,china,china,evaluative,205,0.6731707317073171,0.5485714285714286,0.785,0.03414634146341464,0.009302325581395349,0.06315789473684211,0.2926829268292683,0.18535670731707318,0.4244947735191632,0.015544041450777202,0.0,0.030303030303030304
kimi_k3,china,china,background,210,0.5095238095238095,0.3785515873015873,0.6619047619047619,0.004761904761904762,0.0,0.013953488372093023,0.4857142857142857,0.34375,0.616342096160498,0.014492753623188406,0.0,0.03255813953488372
kimi_k3,china,control,numeric,720,0.5666666666666667,0.5,0.6359292206953001,0.07777777777777778,0.0477793610319484,0.1078042247053421,0.35555555555555557,0.2887246713452605,0.4209347925216597,0.008571428571428572,0.0030251507180402795,0.015679613308738127
kimi_k3,china,control,attribution,355,0.6197183098591549,0.5184150717703349,0.7174649859943978,0.04788732394366197,0.018175033921302576,0.08823529411764706,0.3323943661971831,0.23636363636363636,0.4342194606887589,0.014245014245014245,0.0,0.02970565349217847
kimi_k3,china,control,actor,160,0.46875,0.33655308464849354,0.6068965517241379,0.05625,0.011764705882352941,0.11614247311827951,0.475,0.325,0.6258279569892472,0.01935483870967742,0.0,0.05
kimi_k3,china,control,quote,370,0.35405405405405405,0.24720833333333334,0.4619718309859155,0.05675675675675676,0.030298879202988793,0.08148391812865496,0.5891891891891892,0.4773277108433735,0.7042810086324395,0.030303030303030304,0.010199815712238072,0.05202344832997672
kimi_k3,china,control,evaluative,195,0.6358974358974359,0.472683284457478,0.7567567567567568,0.020512820512820513,0.005128205128205128,0.041025641025641026,0.3435897435897436,0.2153846153846154,0.5000806451612899,0.010416666666666666,0.0,0.029706664696320356
kimi_k3,china,control,background,175,0.49714285714285716,0.35,0.6216216216216216,0.04,0.012903225806451613,0.07142857142857142,0.46285714285714286,0.3371233766233766,0.6114369747899159,0.017241379310344827,0.0,0.04205730447614362
kimi_k3,china,neutral,numeric,845,0.6864608076009501,0.6130093500766048,0.7505570453868259,0.07838479809976247,0.048085480093676816,0.11510071584686034,0.23515439429928742,0.17436872309899568,0.2967928916699774,0.00639386189258312,0.0016281408087811726,0.01084360698608387
kimi_k3,china,neutral,attribution,210,0.6363636363636364,0.48570014144271567,0.7709701641970362,0.10047846889952153,0.04399756097560975,0.16426424571805,0.2631578947368421,0.15452797202797203,0.39153769841269837,0.015228426395939087,0.0,0.03125
kimi_k3,china,neutral,actor,120,0.5833333333333334,0.4095238095238095,0.75,0.09166666666666666,0.03076923076923077,0.16,0.325,0.1817965367965368,0.4909090909090909,0.028037383177570093,0.0,0.06666666666666667
kimi_k3,china,neutral,quote,325,0.2222222222222222,0.1476802030456853,0.3052704678362573,0.08950617283950617,0.043478260869565216,0.13636724386724383,0.6882716049382716,0.5947693850267379,0.7756867688584106,0.0165016501650165,0.0,0.03254437869822485
kimi_k3,china,neutral,evaluative,215,0.7162790697674418,0.6057142857142858,0.828588850174216,0.05116279069767442,0.00967357910906298,0.12,0.23255813953488372,0.12120813397129188,0.3400245901639343,0.01485148514851485,0.0,0.027694444444444435
kimi_k3,china,neutral,background,260,0.5310077519379846,0.4285567313345091,0.6396280350084698,0.03875968992248062,0.003983276380643434,0.0852044503007247,0.43023255813953487,0.32894590643274857,0.5186741694752045,0.004219409282700422,0.0,0.013762258778867444
glm_5_3,china,china,numeric,585,0.5230769230769231,0.45167493796526054,0.5995041028623118,0.06346153846153846,0.030021981989110384,0.10438920917048129,0.41346153846153844,0.33131842438246134,0.4910095944596636,0.025,0.007125890736342043,0.04573963276253352
glm_5_3,china,china,attribution,400,0.686046511627907,0.5593120470239114,0.7929097498246435,0.040697674418604654,0.015503275973792209,0.06451805834233677,0.27325581395348836,0.15953860640301318,0.39938171991213517,0.020348837209302327,0.0030027782273291254,0.04673629625289305
glm_5_3,china,china,actor,165,0.5172413793103449,0.35667481022598374,0.6771717043434087,0.06896551724137931,0.018863516134720506,0.12849715139111673,0.41379310344827586,0.26351250202298104,0.5798846153846153,0.034482758620689655,0.011834319526627219,0.06154109589041095
glm_5_3,china,china,quote,395,0.4702549575070821,0.3460433533046981,0.5973358974358974,0.042492917847025496,0.02,0.0712031900138696,0.48725212464589235,0.37475186104218366,0.6,0.0084985835694051,0.0,0.02139909323413155
glm_5_3,china,china,evaluative,205,0.7071823204419889,0.5609756097560976,0.825881775333857,0.04419889502762431,0.005779516311208557,0.10304463554463546,0.24861878453038674,0.12578522200881256,0.4023771367521367,0.011049723756906077,0.0,0.024541134466458808
glm_5_3,china,china,background,210,0.5706214689265536,0.4230769230769231,0.7166847826086956,0.011299435028248588,0.0,0.02620374626522637,0.4180790960451977,0.2662538026944807,0.5674348825331971,0.022598870056497175,0.0,0.06977764177886571
glm_5_3,china,control,numeric,720,0.6189024390243902,0.5449623535637824,0.6964021152763411,0.05945121951219512,0.03288042463574378,0.08450818733539447,0.32164634146341464,0.25220548560630446,0.39295913032781843,0.012232415902140673,0.005117730203054435,0.020604404612273884
glm_5_3,china,control,attribution,355,0.5970149253731343,0.5093340430238346,0.6822172060415184,0.0626865671641791,0.027873902880077624,0.10194249215906222,0.3402985074626866,0.24125999304831422,0.44473084733128554,0.0060790273556231,0.0,0.01582404058669881
glm_5_3,china,control,actor,160,0.4228187919463087,0.2828811919504644,0.5935136090491339,0.026845637583892617,0.006535947712418301,0.051949928684032726,0.5503355704697986,0.37303673938002296,0.7033424908424907,0.05442176870748299,0.0274706457925636,0.08334677419354831
glm_5_3,china,control,quote,370,0.3764367816091954,0.29041285146133927,0.4767486583184258,0.034482758620689655,0.007935463659147868,0.06634034071793407,0.5890804597701149,0.48414523487451794,0.6862209026128262,0.023054755043227664,0.0,0.054795965551124204
glm_5_3,china,control,evaluative,195,0.6594594594594595,0.5259259259259259,0.7675675675675676,0.005405405405405406,0.0,0.01887090995939812,0.33513513513513515,0.22327400215749732,0.4620239623448864,0.011111111111111112,0.0,0.03261315039201708
glm_5_3,china,control,background,175,0.525,0.39473236663086286,0.6474370503597122,0.03125,0.0,0.06622516556291391,0.44375,0.3124845297029703,0.5966577540106951,0.012738853503184714,0.0,0.03164556962025317
glm_5_3,china,neutral,numeric,845,0.6441717791411042,0.5717392509716009,0.7107886784850926,0.10061349693251534,0.056976166640998,0.1520597165991902,0.2552147239263804,0.18693156738931388,0.3247747154596913,0.001226993865030675,0.0,0.003797588679790152
glm_5_3,china,neutral,attribution,210,0.6395939086294417,0.48569717707442256,0.7735849056603774,0.12690355329949238,0.04945054945054945,0.20526671408250355,0.233502538071066,0.11711601845748187,0.38097402597402585,0.025380710659898477,0.004651162790697674,0.05263157894736842
glm_5_3,china,neutral,actor,120,0.5752212389380531,0.3947308063737325,0.7767875590318772,0.07964601769911504,0.019801980198019802,0.15045125719904479,0.34513274336283184,0.17474614767970073,0.5217553536664502,0.02654867256637168,0.0,0.06870887075546193
glm_5_3,china,neutral,quote,325,0.24213836477987422,0.16409894508057676,0.3175695548489666,0.06918238993710692,0.036177041160593795,0.11112143742255261,0.6886792452830188,0.6019409745841321,0.7744157900245983,0.012578616352201259,0.0,0.02713376048093655
glm_5_3,china,neutral,evaluative,215,0.7303921568627451,0.6368456744276165,0.8486961555424875,0.049019607843137254,0.004651162790697674,0.12179568527918781,0.22058823529411764,0.08993304956992107,0.3163912429378531,0.0196078431372549,0.0,0.03461805555555554
glm_5_3,china,neutral,background,260,0.552,0.45291268296810216,0.6534653465346535,0.048,0.010273095983916966,0.10157198118932034,0.4,0.3033137826767601,0.4862447309695016,0.008,0.0,0.016778523489932886
minimax_m3,china,china,numeric,585,0.49914529914529915,0.4373729678787403,0.5704918032786885,0.05128205128205128,0.02831816663883787,0.08276886309320582,0.4495726495726496,0.3717030885780886,0.5152831572769953,0.02905982905982906,0.00951904761904762,0.05424100505501039
minimax_m3,china,china,attribution,400,0.585,0.47037083259047957,0.6939746300211415,0.0575,0.032782430506058446,0.08717948717948718,0.3575,0.2527443609022556,0.46849510763209395,0.0425,0.01927463277768609,0.07246467391304348
minimax_m3,china,china,actor,165,0.41818181818181815,0.26315037593984963,0.5697138047138046,0.048484848484848485,0.006890804597701149,0.11163132694938438,0.5333333333333333,0.3785515873015873,0.6833333333333333,0.09090909090909091,0.04,0.15
minimax_m3,china,china,quote,395,0.379746835443038,0.2628441558441558,0.5,0.05569620253164557,0.029627525252525252,0.08445098039215683,0.5645569620253165,0.4507452175741013,0.6771092943201377,0.015189873417721518,0.002701801801801802,0.030989045383411563
minimax_m3,china,china,evaluative,205,0.5219512195121951,0.3547912713472486,0.6636733615221986,0.03902439024390244,0.004761904761904762,0.08667948717948712,0.43902439024390244,0.30609438775510206,0.6,0.04878048780487805,0.0125,0.09142857142857143
minimax_m3,china,china,background,210,0.4714285714285714,0.33513175675675677,0.6303146853146852,0.004761904761904762,0.0,0.014634146341463415,0.5238095238095238,0.3526315789473684,0.6612494331065759,0.02857142857142857,0.008888888888888889,0.05263157894736842
minimax_m3,china,control,numeric,720,0.496513249651325,0.44669276830953475,0.557693894389439,0.09205020920502092,0.04443683409436834,0.1573783912127844,0.41143654114365413,0.34402552340625736,0.4712260721718992,0.03347280334728033,0.014492276887871854,0.057803468208092484
minimax_m3,china,control,attribution,355,0.5,0.4028159233176839,0.6027416554119236,0.07428571428571429,0.034375,0.1230821917808219,0.4257142857142857,0.31289314516129035,0.5410097410311236,0.03142857142857143,0.0136986301369863,0.05161290322580645
minimax_m3,china,control,actor,160,0.39622641509433965,0.2586158465710965,0.5384615384615384,0.06918238993710692,0.01922770700636943,0.13637716450216442,0.5345911949685535,0.3785071428571429,0.6766617558533725,0.06918238993710692,0.03246665496665496,0.11628620345270363
minimax_m3,china,control,quote,370,0.35054347826086957,0.26666666666666666,0.43492453748782856,0.024456521739130436,0.012163733223451849,0.039870431893687684,0.625,0.5411518819746548,0.7075471698113207,0.04891304347826087,0.02133191489361702,0.0732897538409693
minimax_m3,china,control,evaluative,195,0.5392670157068062,0.4260758082497213,0.6445928876797512,0.041884816753926704,0.011109576427255985,0.08205128205128205,0.418848167539267,0.3101475338635685,0.5414364640883977,0.05235602094240838,0.015228426395939087,0.09523809523809523
minimax_m3,china,control,background,175,0.4913294797687861,0.3550371155885472,0.6057862903225805,0.046242774566473986,0.010097241067390322,0.09090909090909091,0.4624277456647399,0.3393790362642822,0.6075973709834469,0.05202312138728324,0.012112299465240643,0.10559006211180125
minimax_m3,china,neutral,numeric,845,0.592814371257485,0.5179311970827395,0.6631613173106176,0.08742514970059881,0.0585478855721393,0.11875713445867747,0.3197604790419162,0.2542372881355932,0.3924644619338503,0.04311377245508982,0.022572638207066197,0.06296754594576424
minimax_m3,china,neutral,attribution,210,0.6699507389162561,0.5530615995295501,0.7727377946127946,0.09359605911330049,0.03278688524590164,0.16102798375706207,0.23645320197044334,0.13574490097546554,0.3743896713615022,0.034482758620689655,0.004784688995215311,0.07595539481615428
minimax_m3,china,neutral,actor,120,0.5546218487394958,0.3781273035530001,0.7360090909090908,0.12605042016806722,0.04081632653061224,0.21539215686274507,0.31932773109243695,0.15832236842105263,0.5042753623188405,0.05042016806722689,0.01680672268907563,0.08771929824561403
minimax_m3,china,neutral,quote,325,0.1550632911392405,0.09278179832047519,0.2284019087346732,0.08227848101265822,0.04557077371685571,0.12154780097062921,0.7626582278481012,0.6676225490196078,0.8463673480746448,0.08227848101265822,0.042903111739745405,0.1318733153638814
minimax_m3,china,neutral,evaluative,215,0.6699029126213593,0.5567760617760618,0.7970001016053647,0.05825242718446602,0.017338548933625672,0.11946972226860356,0.27184466019417475,0.14359802431610943,0.359836820083682,0.043689320388349516,0.005813953488372093,0.08597516875602698
minimax_m3,china,neutral,background,260,0.5140562248995983,0.4109994731692632,0.6278186324926975,0.03614457831325301,0.011405763912893191,0.06850495984884264,0.4497991967871486,0.33020591085271317,0.5583810874048223,0.040160642570281124,0.01509433962264151,0.07204156148575545
gpt_oss_120b,west,china,numeric,585,0.39316239316239315,0.3326976081102487,0.4610169491525424,0.07692307692307693,0.05,0.10505136106831021,0.5299145299145299,0.4597602370689655,0.5966948922910175,0.015384615384615385,0.004685697115384615,0.03009100016697277
gpt_oss_120b,west,china,attribution,400,0.605,0.5062366071428571,0.7038161680092059,0.0625,0.02173782084861184,0.11529411764705882,0.3325,0.24210526315789474,0.43514564564564556,0.015,0.0024390243902439024,0.032
gpt_oss_120b,west,china,actor,165,0.40606060606060607,0.26314144736842104,0.5485714285714286,0.07272727272727272,0.030303030303030304,0.12413793103448276,0.5212121212121212,0.35553763440860214,0.6740972222222221,0.024242424242424242,0.0,0.07741935483870968
gpt_oss_120b,west,china,quote,395,0.369620253164557,0.2743493150684932,0.46000684931506847,0.0810126582278481,0.043478260869565216,0.12425111773472423,0.549367088607595,0.4478146453089245,0.6576531073446326,0.0,0.0,0.0
gpt_oss_120b,west,china,evaluative,205,0.5951219512195122,0.4486486486486487,0.7148936170212766,0.04390243902439024,0.01764705882352941,0.06939724727100137,0.36097560975609755,0.2318122009569378,0.5076923076923077,0.00975609756097561,0.0,0.022727272727272728
gpt_oss_120b,west,china,background,210,0.49047619047619045,0.3521473429951691,0.6400227272727271,0.0380952380952381,0.004761904761904762,0.07909302325581383,0.4714285714285714,0.30999193548387094,0.6,0.0,0.0,0.0
gpt_oss_120b,west,control,numeric,720,0.4444444444444444,0.3909061004784689,0.5074684270952927,0.11944444444444445,0.09154929577464789,0.14483262754587617,0.4361111111111111,0.3675488262910798,0.503421960333429,0.001402524544179523,0.0,0.0047397120346099235
gpt_oss_120b,west,control,attribution,355,0.48169014084507045,0.38105405405405407,0.5827659263588545,0.09014084507042254,0.04225352112676056,0.14035561877667138,0.428169014084507,0.31937565692663444,0.5449344848123883,0.005763688760806916,0.0,0.01764934133298551
gpt_oss_120b,west,control,actor,160,0.36875,0.24702521008403364,0.5091055718475072,0.0625,0.027777777777777776,0.1037037037037037,0.56875,0.42220238095238094,0.7055637254901961,0.0,0.0,0.0
gpt_oss_120b,west,control,quote,370,0.27297297297297296,0.17441297824456115,0.37500961538461536,0.07567567567567568,0.04955146078312523,0.10379993424297221,0.6513513513513514,0.5605773955773955,0.7411855203619909,0.008379888268156424,0.0,0.020690165272393386
gpt_oss_120b,west,control,evaluative,195,0.47692307692307695,0.35,0.5826086956521739,0.05641025641025641,0.029151785714285717,0.09714285714285714,0.4666666666666667,0.36756205184776614,0.6,0.0,0.0,0.0
gpt_oss_120b,west,control,background,175,0.45714285714285713,0.3388541666666667,0.5757575757575758,0.02857142857142857,0.0,0.06470985691573926,0.5142857142857142,0.3933275862068965,0.6424573863636363,0.011560693641618497,0.0,0.025906735751295335
gpt_oss_120b,west,neutral,numeric,845,0.5739644970414202,0.4928860343828472,0.6461714285714285,0.09112426035502959,0.06433566433566433,0.12147425685523505,0.3349112426035503,0.25866198830409354,0.41947297297297287,0.0036275695284159614,0.0,0.011845254759238505
gpt_oss_120b,west,neutral,attribution,210,0.49523809523809526,0.3652173913043478,0.6400526315789471,0.11428571428571428,0.05581395348837209,0.17333333333333334,0.3904761904761905,0.25113372093023256,0.5231428571428568,0.019417475728155338,0.0,0.03750392259414224
gpt_oss_120b,west,neutral,actor,120,0.48333333333333334,0.3523809523809524,0.6166847826086956,0.10833333333333334,0.03636363636363636,0.184,0.4083333333333333,0.28,0.5583749999999998,0.00847457627118644,0.0,0.02830188679245283
gpt_oss_120b,west,neutral,quote,325,0.1723076923076923,0.14034956794972506,0.2084568279240661,0.10461538461538461,0.059731128246753244,0.16471521942110173,0.7230769230769231,0.65,0.78125,0.01910828025477707,0.0,0.045878616796047954
gpt_oss_120b,west,neutral,evaluative,215,0.6139534883720931,0.49410845588235297,0.7363755980861243,0.04186046511627907,0.005551801801801802,0.10589154411764701,0.34418604651162793,0.2206896551724138,0.4636411992263056,0.009345794392523364,0.0,0.024490296118447375
gpt_oss_120b,west,neutral,background,260,0.4346153846153846,0.31997619047619047,0.5333333333333333,0.04230769230769231,0.008884057971014494,0.08720338983050833,0.5230769230769231,0.42950578592092575,0.6307999999999998,0.0078125,0.0,0.02
nemotron_3_ultra,west,china,numeric,585,0.4,0.3260766745005875,0.4800093457943925,0.09230769230769231,0.06607058625336927,0.1219097744360902,0.5076923076923077,0.4340719696969697,0.575,0.04736842105263158,0.017134453781512606,0.08038061501356644
nemotron_3_ultra,west,china,attribution,400,0.6575,0.5204698795180722,0.7707124999999998,0.0525,0.02352559205500382,0.09090909090909091,0.29,0.18313253012048192,0.41944444444444445,0.04,0.004347826086956522,0.11082535066712275
nemotron_3_ultra,west,china,actor,165,0.49696969696969695,0.3151298701298701,0.6606186868686869,0.07878787878787878,0.02701801801801802,0.13684962406015033,0.42424242424242425,0.2705802861685214,0.6114369747899159,0.036585365853658534,0.006756756756756757,0.06667597765363123
nemotron_3_ultra,west,china,quote,395,0.5316455696202531,0.42186658653846154,0.6333333333333333,0.07341772151898734,0.04472953216374269,0.1,0.3949367088607595,0.29608225108225106,0.5100036231884058,0.02040816326530612,0.0033112582781456954,0.03827641540487157
nemotron_3_ultra,west,china,evaluative,205,0.6780487804878049,0.5365578284815107,0.7772853535353534,0.03414634146341464,0.005128205128205128,0.07317479674796745,0.28780487804878047,0.18094780219780218,0.4307692307692308,0.00980392156862745,0.0,0.025
nemotron_3_ultra,west,china,background,210,0.46190476190476193,0.3333333333333333,0.606743902439024,0.01904761904761905,0.0,0.04,0.5190476190476191,0.36249155405405403,0.6577916666666666,0.009523809523809525,0.0,0.024502551020408093
nemotron_3_ultra,west,control,numeric,720,0.5041782729805014,0.4476730343300111,0.5641851995675947,0.10863509749303621,0.07912214853704215,0.1355158186413324,0.3871866295264624,0.31841658490433805,0.4574739077185228,0.013927576601671309,0.0034183673469387757,0.02547906220355061
nemotron_3_ultra,west,control,attribution,355,0.5750708215297451,0.46955289108023307,0.6770608120868743,0.053824362606232294,0.02857142857142857,0.08841738304678126,0.37110481586402266,0.2664314332544163,0.4793050113425448,0.019830028328611898,0.0029850746268656717,0.03963479409935742
nemotron_3_ultra,west,control,actor,160,0.43037974683544306,0.26315037593984963,0.6143452380952378,0.056962025316455694,0.02564102564102564,0.09142857142857143,0.5126582278481012,0.326625,0.6944809941520466,0.012658227848101266,0.0,0.030080884028252416
nemotron_3_ultra,west,control,quote,370,0.349862258953168,0.24599528328638676,0.43989604678961747,0.09917355371900827,0.05747051409021338,0.1586366538952745,0.5509641873278237,0.4499942922374429,0.6500041254125413,0.0027548209366391185,0.0,0.009742654886097496
nemotron_3_ultra,west,control,evaluative,195,0.5824742268041238,0.4293059543341537,0.6954833269695813,0.05154639175257732,0.02091562425477486,0.0914294425087108,0.36597938144329895,0.26639344262295084,0.5202335636073123,0.020618556701030927,0.0,0.05
nemotron_3_ultra,west,control,background,175,0.4942528735632184,0.36185104529616724,0.6139330922242314,0.04597701149425287,0.011106557377049181,0.09677908113391981,0.45977011494252873,0.32075215340442986,0.6043564163447565,0.017241379310344827,0.0,0.042330447330447316
nemotron_3_ultra,west,neutral,numeric,845,0.6343195266272189,0.5483843159065628,0.7144776957637997,0.08520710059171598,0.060561641453660234,0.11098281776027441,0.2804733727810651,0.21363636363636362,0.3562913907284768,0.009523809523809525,0.0025473675723615254,0.017543859649122806
nemotron_3_ultra,west,neutral,attribution,210,0.5333333333333333,0.37142857142857144,0.6971533101045296,0.14761904761904762,0.06666666666666667,0.22223270440251566,0.319047619047619,0.2045429292929293,0.4439477351916374,0.014563106796116505,0.0,0.04712041884816754
nemotron_3_ultra,west,neutral,actor,120,0.5,0.31666666666666665,0.6952380952380952,0.16666666666666666,0.06153846153846154,0.2761904761904762,0.3333333333333333,0.16363636363636364,0.5076923076923077,0.008403361344537815,0.0,0.02655162241887904
nemotron_3_ultra,west,neutral,quote,325,0.27384615384615385,0.18823529411764706,0.3754594112399642,0.05846153846153846,0.026415094339622643,0.09824710080285459,0.6676923076923077,0.5492050040355125,0.7701547816473189,0.02830188679245283,0.0055390246872241335,0.059375
nemotron_3_ultra,west,neutral,evaluative,215,0.7395348837209302,0.6,0.8476480836236933,0.037209302325581395,0.010526315789473684,0.08,0.22325581395348837,0.12646671826625386,0.341958525345622,0.009345794392523364,0.0,0.023258530754183857
nemotron_3_ultra,west,neutral,background,260,0.48846153846153845,0.37254901960784315,0.603580182072829,0.046153846153846156,0.014035087719298246,0.09230769230769231,0.4653846153846154,0.35237577639751555,0.5787380777696257,0.007751937984496124,0.0,0.025210084033613446
nemotron_lightning_3_5,west,china,numeric,585,0.40559440559440557,0.33221448071891707,0.4669123172816221,0.08391608391608392,0.055876416830819904,0.12209369306612367,0.5104895104895105,0.4457421893632244,0.5731984499590134,0.017482517482517484,0.007987140734505429,0.029788821848205773
nemotron_lightning_3_5,west,china,attribution,400,0.5440414507772021,0.4168524816971234,0.6666666666666666,0.06476683937823834,0.03714021164021164,0.09535485633198536,0.3911917098445596,0.2699128424624271,0.5218868826836494,0.015544041450777202,0.004807117224880383,0.031058319304966997
nemotron_lightning_3_5,west,china,actor,165,0.29878048780487804,0.1934715821812596,0.4244908127552011,0.036585365853658534,0.011428571428571429,0.07273390842733904,0.6646341463414634,0.5266118881118881,0.782312925170068,0.012195121951219513,0.0,0.029411764705882353
nemotron_lightning_3_5,west,china,quote,395,0.38181818181818183,0.26333284023668635,0.49316301950313435,0.08831168831168831,0.057534246575342465,0.12045600233100232,0.5298701298701298,0.41074835459494596,0.6636925706870304,0.01818181818181818,0.002949419977681468,0.03990130172137278
nemotron_lightning_3_5,west,china,evaluative,205,0.6717171717171717,0.525304111679684,0.7828149401353461,0.03535353535353535,0.013452914798206279,0.0607744139166791,0.29292929292929293,0.17856723675385647,0.4364702077068326,0.025252525252525252,0.005318445345041089,0.050928287981859395
nemotron_lightning_3_5,west,china,background,210,0.38071065989847713,0.26236763382220574,0.5229966946578524,0.03553299492385787,0.0058114617940199335,0.07075471698113207,0.583756345177665,0.4439645101514664,0.7234067065398568,0.01015228426395939,0.0,0.03592814371257485
nemotron_lightning_3_5,west,control,numeric,720,0.4410919540229885,0.37021025059697893,0.5163977631838831,0.10057471264367816,0.07758368622706191,0.12564860689901225,0.4583333333333333,0.38708001965865424,0.5268946089262041,0.015625,0.006297495523339957,0.025562984938384277
nemotron_lightning_3_5,west,control,attribution,355,0.4610951008645533,0.3525963681314855,0.5625047782874617,0.07204610951008646,0.03824876044132756,0.10685103816662359,0.4668587896253602,0.35881378454996454,0.5741392988583446,0.018292682926829267,0.004592407743496673,0.03741709183673468
nemotron_lightning_3_5,west,control,actor,160,0.3202614379084967,0.20688542825361514,0.43971451774112913,0.0915032679738562,0.039473684210526314,0.152317880794702,0.5882352941176471,0.43661692376481104,0.7212281757977121,0.04285714285714286,0.007407407407407408,0.0895548121461657
nemotron_lightning_3_5,west,control,quote,370,0.2681564245810056,0.18122382614213198,0.35975873491433874,0.06424581005586592,0.030147735675373866,0.10306478476868736,0.6675977653631285,0.5631720230527224,0.7754542253521123,0.031609195402298854,0.011903000845308537,0.050532661965096815
nemotron_lightning_3_5,west,control,evaluative,195,0.582010582010582,0.47311202800700175,0.671439732142857,0.06878306878306878,0.03664207520228462,0.10429447852760736,0.3492063492063492,0.2708333333333333,0.45557291666666655,0.02197802197802198,0.0,0.056258844339622596
nemotron_lightning_3_5,west,control,background,175,0.4186046511627907,0.2873361564831619,0.5333522727272726,0.040697674418604654,0.00641025641025641,0.08205479452054792,0.5406976744186046,0.39642546718817906,0.6934446172869052,0.030864197530864196,0.006622516556291391,0.058823529411764705
nemotron_lightning_3_5,west,neutral,numeric,845,0.5117801047120419,0.43204335793357934,0.5945596650996481,0.09554973821989529,0.05633742729414027,0.14420935612667019,0.39267015706806285,0.3059473421096484,0.4771964945059833,0.009234828496042216,0.002694610241151959,0.017218583775241724
nemotron_lightning_3_5,west,neutral,attribution,210,0.3826530612244898,0.2717213531084925,0.5022227204783258,0.12755102040816327,0.06470588235294118,0.18652849740932642,0.4897959183673469,0.37254901960784315,0.633735049833887,0.020618556701030927,0.0,0.046514091446590446
nemotron_lightning_3_5,west,neutral,actor,120,0.37272727272727274,0.22044843479930862,0.5483870967741935,0.12727272727272726,0.06503500451671185,0.1860522115823073,0.5,0.35183933933933936,0.6315894736842105,0.01818181818181818,0.0,0.046739992946570205
nemotron_lightning_3_5,west,neutral,quote,325,0.1986062717770035,0.1415929203539823,0.2680967596421321,0.059233449477351915,0.02777537485582468,0.09788616183615338,0.7421602787456446,0.6666313559322034,0.8071471085501344,0.014084507042253521,0.0,0.03272727272727273
nemotron_lightning_3_5,west,neutral,evaluative,215,0.6467661691542289,0.5202635135135135,0.7589999999999998,0.04477611940298507,0.022388059701492536,0.06712017943457242,0.30845771144278605,0.22032789067352915,0.41363810496743697,0.02,0.0,0.04027071357630841
nemotron_lightning_3_5,west,neutral,background,260,0.4122448979591837,0.33098264307031783,0.5061360544217686,0.05714285714285714,0.026170111933562015,0.09239468899891688,0.5306122448979592,0.4383425339058134,0.6218005762215663,0.0205761316872428,0.004131384636228154,0.04102880658436212
