model_key,origin,target,lang,delta_non_answer,delta_non_answer_lo,delta_non_answer_hi,p_perm_non_answer,delta_suppressed,delta_suppressed_lo,delta_suppressed_hi,delta_is_refusal,delta_is_refusal_lo,delta_is_refusal_hi,delta_is_official_line,delta_is_official_line_lo,delta_is_official_line_hi,delta_core_present,delta_core_present_lo,delta_core_present_hi,p_perm_core_present,delta_core_denied,delta_core_denied_lo,delta_core_denied_hi,delta_fact_coverage,delta_fact_coverage_lo,delta_fact_coverage_hi,delta_trace_present_answer_absent,delta_trace_present_answer_absent_lo,delta_trace_present_answer_absent_hi,delta_prc_lex,delta_prc_lex_lo,delta_prc_lex_hi
deepseek_v4_pro,china,china_core_minus_control:en,en,0.35636363636363644,0.1949839743589743,0.5266666666666666,0.0009998000399920016,0.35212121212121206,0.18727272727272726,0.5266666666666666,0.16545454545454552,-0.0728257575757576,0.38499999999999995,0.19090909090909092,0.03325,0.41,-0.3884848484848485,-0.56,-0.24177272727272753,0.0007998400319936012,0.09090909090909091,0.0,0.28,-0.18363636363636365,-0.2627424242424243,-0.10975555555555568,-0.013333333333333334,-0.04,0.0,0.17272727272727273,0.0,0.41
deepseek_v4_pro,china,china_embarrassing_minus_control:en,en,0.32500000000000007,0.12995833333333334,0.5050416666666664,0.002999400119976005,0.32666666666666666,0.1499166666666667,0.5017499999999996,0.27,0.08166666666666667,0.46166666666666667,0.04,0.005,0.08,-0.33666666666666667,-0.5150416666666667,-0.1682916666666669,0.0001999600079984003,0.035,0.0,0.075,-0.15250000000000002,-0.2420027777777778,-0.0703833333333334,-0.013333333333333334,-0.04,0.0,0.02,0.0,0.055
deepseek_v4_pro,china,china_favorable_minus_control:en,en,0.18000000000000005,-0.08666666666666667,0.42016666666666574,0.2981403719256149,0.16666666666666663,-0.10666666666666663,0.4401666666666657,0.18000000000000005,-0.10000000000000003,0.45333333333333325,0.0,0.0,0.0,-0.16666666666666669,-0.43333333333333335,0.11333333333333331,0.33873225354929015,0.0,0.0,0.0,-0.03666666666666668,-0.21008333333333334,0.17,-0.013333333333333334,-0.04,0.0,0.0,0.0,0.0
deepseek_v4_pro,china,neutral_minus_control:en,en,-0.58,-0.7266666666666667,-0.42,0.0001999600079984003,-0.5866666666666667,-0.7268333333333333,-0.4266666666666667,-0.58,-0.7201666666666666,-0.42,0.0,0.0,0.0,0.4266666666666667,0.2466666666666666,0.6199999999999999,0.0007998400319936012,0.0,0.0,0.0,0.43555555555555564,0.319972222222222,0.5511666666666662,0.026666666666666665,-0.013333333333333334,0.06666666666666667,0.0,0.0,0.0
deepseek_v4_pro,china,china_core_minus_control:zh,zh,0.09333333333333338,0.0,0.23333333333333328,0.2535492901419716,0.09333333333333338,0.0,0.24,-0.06121212121212116,-0.2412121212121212,0.11759469696969685,0.13636363636363635,0.03076923076923077,0.2727272727272727,-0.09333333333333334,-0.22,0.0,0.24155168966206758,0.06363636363636363,0.0,0.19,-0.04303030303030303,-0.12222222222222223,0.0036363636363636364,0.0,0.0,0.0,0.0,0.0,0.0
deepseek_v4_pro,china,china_embarrassing_minus_control:zh,zh,0.00242424242424244,-0.13589150296939237,0.15758080808080796,1.0,0.012525252525252606,-0.11668299832495815,0.169104842393787,-0.11878787878787878,-0.294959595959596,0.06772089614740363,0.10606060606060606,0.035,0.19194354714659267,-0.002424242424242426,-0.16637018425460634,0.1392554991539763,1.0,0.0,0.0,0.0,0.026902356902356893,-0.07329718034617536,0.10963149078726968,0.015151515151515152,0.0,0.04020100502512563,0.0,0.0,0.0
deepseek_v4_pro,china,china_favorable_minus_control:zh,zh,-0.08666666666666667,-0.45349999999999996,0.19333333333333336,0.846630673865227,-0.08666666666666667,-0.46,0.19333333333333336,-0.08666666666666667,-0.4735,0.19333333333333336,0.0,0.0,0.0,0.06666666666666667,-0.19349999999999998,0.39999999999999997,0.9676064787042592,0.0,0.0,0.0,0.07333333333333333,-0.09,0.3244444444444444,0.02,0.0,0.06,0.0,0.0,0.0
deepseek_v4_pro,china,neutral_minus_control:zh,zh,-0.9066666666666666,-1.0,-0.7666666666666667,0.0001999600079984003,-0.9066666666666666,-1.0,-0.7731666666666676,-0.9066666666666666,-1.0,-0.7666666666666667,0.0,0.0,0.0,0.8333333333333333,0.68,0.9466666666666667,0.0001999600079984003,0.0,0.0,0.0,0.6555555555555557,0.5244166666666666,0.7689166666666666,0.013333333333333334,0.0,0.03333333333333333,0.0,0.0,0.0
deepseek_v4_pro,china,zh_minus_en:china_core,zh-en,0.0636363636363636,0.0,0.12307692307692308,,0.054545454545454564,0.0,0.11428571428571432,0.09999999999999998,-0.13274999999999998,0.3363863636363636,-0.054545454545454564,-0.30291071428571426,0.1533636363636362,-0.01818181818181818,-0.06,0.0,,-0.027272727272727282,-0.24013636363636362,0.14,-0.01272727272727273,-0.030000000000000006,0.004,0.0,0.0,0.0,-0.17272727272727273,-0.39090909090909093,0.0
deepseek_v4_pro,china,zh_minus_en:china_embarrassing,zh-en,0.004090909090909034,-0.1350340909090909,0.14500000000000002,,-0.0008080808080808133,-0.11132070707070701,0.11499999999999999,-0.06212121212121213,-0.23913102464807168,0.11952512562814069,0.06606060606060607,-0.014824120603015079,0.16027324120603004,0.020909090909090905,-0.095,0.14161616161616164,,-0.035,-0.075,0.0,0.026069023569023568,-0.04733433835845896,0.10478401857773718,0.015151515151515152,0.0,0.04040404040404041,-0.02,-0.055,0.0
deepseek_v4_pro,china,zh_minus_en:china_favorable,zh-en,0.05999999999999994,-0.37999999999999995,0.43999999999999995,,0.05999999999999994,-0.34049999999999997,0.43999999999999995,0.05999999999999994,-0.33999999999999997,0.4,0.0,0.0,0.0,-0.07999999999999999,-0.42,0.3,,0.0,0.0,0.0,-0.043333333333333335,-0.32,0.22666666666666666,0.02,0.0,0.06,0.0,0.0,0.0
deepseek_v4_pro,china,zh_minus_en:control,zh-en,0.32666666666666666,0.13983333333333337,0.52,,0.31333333333333324,0.12,0.4933333333333333,0.32666666666666666,0.1466666666666666,0.5133333333333333,0.0,0.0,0.0,-0.31333333333333335,-0.49999999999999994,-0.10666666666666666,,0.0,0.0,0.0,-0.15333333333333335,-0.24777777777777776,-0.0455555555555556,-0.013333333333333334,-0.04,0.0,0.0,0.0,0.0
deepseek_v4_pro,china,zh_minus_en:neutral,zh-en,0.0,0.0,0.0,,-0.006666666666666667,-0.02,0.0,0.0,0.0,0.0,0.0,0.0,0.0,0.09333333333333327,-0.033333333333333326,0.20666666666666667,,0.0,0.0,0.0,0.06666666666666665,-0.07777777777777772,0.2022222222222223,-0.026666666666666665,-0.06666666666666667,0.006666666666666668,0.0,0.0,0.0
qwen3_8_max,china,china_core_minus_control:en,en,0.8545454545454545,0.7454545454545455,0.97,0.0001999600079984003,0.8746081504702194,0.778561056998557,0.97,0.08181818181818182,0.0,0.27,0.7636363636363637,0.5846153846153846,0.94,-0.8335423197492163,-0.9567882356630262,-0.6682674619143432,0.0001999600079984003,0.22727272727272727,0.07692307692307693,0.44545454545454544,-0.5200104493207942,-0.6019467432950191,-0.4404396529396529,0.006583072100313479,-0.032310256523466814,0.05003092145949288,0.6244514106583072,0.20717857142857143,1.1692934782608695
qwen3_8_max,china,china_embarrassing_minus_control:en,en,0.5052083333333334,0.3709677419354839,0.6486958732926472,0.0001999600079984003,0.616558908045977,0.46935371099194,0.7488463550866233,0.11979166666666667,0.043243243243243246,0.22916666666666666,0.3489583333333333,0.22160871927203588,0.4750596733668338,-0.5506824712643679,-0.701490990990991,-0.3940232197342698,0.0001999600079984003,0.14583333333333334,0.078125,0.22281457145338224,-0.3032806513409962,-0.41668820504442267,-0.18045827054790103,0.05743534482758621,0.014735889378034134,0.10176639350862142,0.03505747126436781,-0.09415185940939105,0.1315852255696961
qwen3_8_max,china,china_favorable_minus_control:en,en,0.1,0.0,0.24,0.055188962207558485,0.12551724137931036,-0.021379310344827585,0.27295812714122575,0.0,0.0,0.0,0.1,0.0,0.26,0.028275862068965485,-0.040000000000000036,0.11669064748201441,0.7884423115376925,0.0,0.0,0.0,-0.1709195402298851,-0.3180837087087086,0.0035938449848021883,-0.020689655172413793,-0.043478260869565216,0.0,-0.04827586206896552,-0.14685314685314685,0.0
qwen3_8_max,china,neutral_minus_control:en,en,0.0,0.0,0.0,1.0,-0.027816091954022987,-0.09615923222492566,0.013333333333333334,0.0,0.0,0.0,0.0,0.0,0.0,-0.0850574712643678,-0.20648407997038135,0.03240476190476179,0.259748050389922,0.0,0.0,0.0,-0.054252873563218396,-0.16557115677321135,0.05213438438438421,0.04597701149425287,-0.007816091954022986,0.09991216216216216,-0.04827586206896552,-0.14685314685314685,0.0
qwen3_8_max,china,china_core_minus_control:zh,zh,0.8163636363636363,0.6683333333333333,0.9733333333333334,0.0001999600079984003,0.8624242424242424,0.77,0.95,0.10909090909090909,0.0,0.3,0.6866666666666666,0.46996212121212116,0.9233333333333333,-0.8303030303030303,-0.955189393939394,-0.6787878787878788,0.0001999600079984003,0.27515151515151515,0.09227272727272728,0.5033333333333333,-0.5097979797979798,-0.5879803030303029,-0.4331294191919191,0.00909090909090909,0.0,0.03,0.0,0.0,0.0
qwen3_8_max,china,china_embarrassing_minus_control:zh,zh,0.665,0.5149583333333333,0.7983333333333333,0.0001999600079984003,0.7233333333333334,0.5949583333333333,0.8483333333333334,0.105,0.02,0.225,0.4466666666666667,0.31829166666666664,0.5683749999999997,-0.6866666666666666,-0.8066666666666666,-0.5599999999999999,0.0001999600079984003,0.22833333333333333,0.135,0.3216666666666667,-0.38355555555555554,-0.4884569444444445,-0.28360416666666666,0.025,0.005,0.05,0.0,0.0,0.0
qwen3_8_max,china,china_favorable_minus_control:zh,zh,0.32,0.12666666666666668,0.5066666666666667,0.0009998000399920016,0.29333333333333333,0.09333333333333334,0.47333333333333333,0.0,0.0,0.0,0.3266666666666667,0.13333333333333336,0.5133333333333333,0.013333333333333308,-0.03333333333333344,0.06666666666666665,1.0,-0.006666666666666667,-0.02,0.0,-0.0722222222222223,-0.231111111111111,0.08558333333333323,0.02,0.0,0.06,0.0,0.0,0.0
qwen3_8_max,china,neutral_minus_control:zh,zh,-0.02,-0.04,0.0,0.21495700859828035,-0.04666666666666667,-0.09333333333333334,-0.013333333333333334,0.0,0.0,0.0,-0.013333333333333334,-0.03333333333333333,0.0,-0.040492170022371377,-0.10751677852348995,0.02666666666666662,0.2991401719656069,-0.006666666666666667,-0.02,0.0,0.06457867263236394,-0.0498148160830327,0.18004194630872455,0.03355704697986577,0.006711409395973154,0.06666666666666667,0.0,0.0,0.0
qwen3_8_max,china,zh_minus_en:china_core,zh-en,-0.018181818181818188,-0.2050113636363636,0.16385839160839155,,0.0,-0.11818181818181817,0.1166666666666667,0.027272727272727268,-0.20681818181818182,0.2909090909090909,-0.06363636363636371,-0.3517386363636364,0.23364772727272723,0.018181818181818174,-0.1826212121212121,0.2,,0.054545454545454536,-0.22385064935064933,0.3291136363636363,0.004848484848484866,-0.057334731934731924,0.06163712121212121,-0.01818181818181818,-0.06,0.01821969696969676,-0.6727272727272727,-1.2272727272727273,-0.26150000000000023
qwen3_8_max,china,zh_minus_en:china_embarrassing,zh-en,0.17979166666666668,-0.014038193185936939,0.38000568181818173,,0.11895833333333339,-0.05513982127288578,0.313890625,-0.014791666666666675,-0.16588202345926525,0.13472039276694328,0.1110416666666667,-0.06270549738219897,0.2846421370967739,-0.12104166666666666,-0.2931526442307692,0.04984844559585495,,0.08916666666666664,-0.03281502115942814,0.2088861552527032,-0.0856388888888889,-0.20281760906163082,0.03511232316591591,-0.053125,-0.09958837365591397,-0.009824324324324549,-0.08333333333333333,-0.1507537688442211,-0.026312344998622228
qwen3_8_max,china,zh_minus_en:china_favorable,zh-en,0.24000000000000002,0.0,0.45999999999999996,,0.18000000000000002,-0.06,0.4,0.0,0.0,0.0,0.24000000000000002,0.0,0.46,0.0,-0.040000000000000036,0.040000000000000036,,0.0,0.0,0.0,0.09333333333333327,-0.11000000000000004,0.2833333333333334,0.02,0.0,0.06,0.0,0.0,0.0
qwen3_8_max,china,zh_minus_en:control,zh-en,0.02,0.0,0.04,,0.012183908045977014,-0.06057117710087249,0.07333333333333333,0.0,0.0,0.0,0.013333333333333334,0.0,0.03333333333333333,0.014942528735632177,-0.053333333333333344,0.10724468085106374,,0.006666666666666667,0.0,0.02,-0.005363984674329525,-0.10184270662287923,0.0936785944551901,-0.020689655172413793,-0.04285714285714286,0.0,-0.04827586206896552,-0.14685314685314685,0.0
qwen3_8_max,china,zh_minus_en:neutral,zh-en,0.0,0.0,0.0,,-0.006666666666666667,-0.02,0.0,0.0,0.0,0.0,0.0,0.0,0.0,0.0595078299776286,-0.05414541387024614,0.17298434004474267,,0.0,0.0,0.0,0.11346756152125281,-0.008891141141141307,0.23160663683818047,-0.033109619686800894,-0.09333333333333332,0.020540540540540542,0.0,0.0,0.0
kimi_k3,china,china_core_minus_control:en,en,0.39090909090909093,0.2166346153846154,0.5800454545454543,0.0003999200159968006,0.4387878787878788,0.2636351981351981,0.6433333333333333,0.0,0.0,0.0,0.2818181818181818,0.13846153846153847,0.45,-0.5296969696969697,-0.6916666666666667,-0.33333333333333326,0.0003999200159968006,0.13636363636363635,0.03076923076923077,0.2800454545454543,-0.3841414141414141,-0.49333333333333335,-0.2646636363636364,0.0021464646464646464,-0.02040816326530612,0.0232897091722595,0.1115151515151515,-0.16154166666666667,0.4033333333333333
kimi_k3,china,china_embarrassing_minus_control:en,en,0.335,0.25,0.425,0.0001999600079984003,0.3983333333333334,0.29333333333333333,0.5033749999999998,0.005,0.0,0.015,0.255,0.165,0.35,-0.3883333333333333,-0.47837499999999994,-0.29500000000000004,0.0001999600079984003,0.145,0.075,0.23,-0.2727777777777778,-0.36473055555555545,-0.1811069444444443,0.06305555555555556,0.02091549295774648,0.11,-0.10666666666666667,-0.3,0.0
kimi_k3,china,china_favorable_minus_control:en,en,0.08,0.0,0.2,0.05118976204759048,0.07333333333333333,-0.006666666666666667,0.18,0.0,0.0,0.0,0.08,0.0,0.2,-0.013333333333333308,-0.053333333333333344,0.013333333333333308,1.0,0.0,0.0,0.0,-0.10111111111111104,-0.24230555555555566,0.03447222222222213,-0.006944444444444444,-0.02097902097902098,0.0,-0.10666666666666667,-0.3,0.0
kimi_k3,china,neutral_minus_control:en,en,0.0,0.0,0.0,1.0,-0.006666666666666667,-0.02,0.0,0.0,0.0,0.0,0.0,0.0,0.0,-0.053333333333333344,-0.1333333333333333,0.0,0.21775644871025795,0.0,0.0,0.0,0.13222222222222224,0.041083333333333215,0.22333333333333338,0.014034576534576536,-0.012947487515026982,0.04050353697608762,-0.10666666666666667,-0.3,0.0
kimi_k3,china,china_core_minus_control:zh,zh,0.5812121212121212,0.36495075757575757,0.8166666666666667,0.0001999600079984003,0.6496969696969697,0.4566666666666667,0.8433333333333334,0.0,0.0,0.0,0.5230303030303031,0.2646153846153846,0.8033333333333333,-0.7472727272727273,-0.8812121212121212,-0.563030303030303,0.0001999600079984003,0.1684848484848485,0.036359307359307355,0.3387878787878788,-0.4528282828282828,-0.564770202020202,-0.34090909090909094,-0.006666666666666667,-0.02,0.0,0.0,0.0,0.0
kimi_k3,china,china_embarrassing_minus_control:zh,zh,0.5266666666666666,0.3866666666666667,0.6583333333333333,0.0001999600079984003,0.5583333333333333,0.41500000000000004,0.6883333333333334,0.0,0.0,0.0,0.3416666666666667,0.22329166666666667,0.46,-0.52,-0.645,-0.39,0.0001999600079984003,0.14666666666666667,0.07833333333333334,0.21504166666666644,-0.33372222222222214,-0.4610305555555555,-0.21637638888888908,0.03333333333333333,0.003333333333333333,0.06833333333333333,0.0,0.0,0.0
kimi_k3,china,china_favorable_minus_control:zh,zh,0.08666666666666667,-0.04666666666666667,0.21333333333333335,0.23415316936612676,0.11333333333333334,-0.04000000000000001,0.26666666666666666,0.0,0.0,0.0,0.12666666666666668,0.013333333333333332,0.24666666666666667,0.05999999999999994,-0.006666666666666601,0.1266666666666667,0.3713257348530294,-0.013333333333333334,-0.03333333333333333,0.0,-0.0022222222222221255,-0.1566944444444445,0.15225,-0.006666666666666667,-0.02,0.0,0.0,0.0,0.0
kimi_k3,china,neutral_minus_control:zh,zh,-0.07333333333333333,-0.13333333333333333,-0.02666666666666667,0.016996600679864027,-0.08666666666666667,-0.14666666666666667,-0.03316666666666757,0.0,0.0,0.0,-0.013333333333333334,-0.03333333333333333,0.0,0.019999999999999907,-0.06666666666666665,0.09999999999999998,0.7464507098580284,-0.013333333333333334,-0.03333333333333333,0.0,0.23666666666666658,0.12330555555555552,0.3433333333333332,0.013467561521252794,-0.006666666666666667,0.04,0.0,0.0,0.0
kimi_k3,china,zh_minus_en:china_core,zh-en,0.2636363636363636,-0.029113636363636383,0.5350340909090907,,0.2909090909090909,0.036659090909090974,0.5454545454545454,0.0,0.0,0.0,0.2545454545454546,-0.05962500000000001,0.5673409090909087,-0.2909090909090909,-0.5261818181818181,-0.07,,0.04545454545454547,-0.14925,0.2572727272727273,-0.15090909090909096,-0.27215757575757593,-0.03513383838383851,-0.00909090909090909,-0.03,0.0,-0.21818181818181817,-0.46,-0.0384090909090912
kimi_k3,china,zh_minus_en:china_embarrassing,zh-en,0.26499999999999996,0.10499999999999998,0.415,,0.24,0.07500000000000001,0.395,-0.005,-0.015,0.0,0.09999999999999998,-0.044999999999999984,0.25,-0.20499999999999996,-0.35000000000000003,-0.05999999999999994,,0.015000000000000013,-0.08999999999999998,0.12,-0.14316666666666666,-0.2543375000000001,-0.03596666666666688,-0.030000000000000006,-0.08499999999999999,0.020000000000000004,0.0,0.0,0.0
kimi_k3,china,zh_minus_en:china_favorable,zh-en,0.08,-0.08000000000000002,0.22,,0.12000000000000001,-0.06000000000000001,0.3,0.0,0.0,0.0,0.06000000000000001,-0.09999999999999999,0.2,0.0,-0.040000000000000036,0.040000000000000036,,0.0,0.0,0.0,0.016666666666666607,-0.1500000000000002,0.1933333333333333,0.0,0.0,0.0,0.0,0.0,0.0
kimi_k3,china,zh_minus_en:control,zh-en,0.07333333333333333,0.02,0.14,,0.08,0.026666666666666665,0.14666666666666667,0.0,0.0,0.0,0.013333333333333334,0.0,0.03333333333333333,-0.07333333333333325,-0.1333333333333333,-0.019999999999999907,,0.013333333333333334,0.0,0.03333333333333333,-0.08222222222222231,-0.18333333333333335,0.020027777777777752,-0.00027777777777777696,-0.02027027027027027,0.02,-0.10666666666666667,-0.3,0.0
kimi_k3,china,zh_minus_en:neutral,zh-en,0.0,0.0,0.0,,0.0,0.0,0.0,0.0,0.0,0.0,0.0,0.0,0.0,0.0,-0.08000000000000007,0.08666666666666667,,0.0,0.0,0.0,0.022222222222222032,-0.07333333333333336,0.1266666666666667,-0.0008447927911015181,-0.029049687888863952,0.02657932703282654,0.0,0.0,0.0
glm_5_3,china,china_core_minus_control:en,en,0.3880138553035749,0.19430954700033576,0.5824342895333459,0.0007998400319936012,0.39735964969609827,0.1950009371654305,0.6003355771212914,0.028037383177570093,0.0,0.05660377358490566,0.28507940657473363,0.13648134049542499,0.4732745063989221,-0.490817593621332,-0.6759297156327728,-0.2859145021645023,0.0003999200159968006,0.13319390889484345,0.0227507215007215,0.29245283018867924,-0.4597607999477159,-0.5733385865692342,-0.3352258375830383,0.009345794392523364,0.0,0.030303030303030304,0.24109535324488596,-0.11341268224160399,0.662331822351801
glm_5_3,china,china_embarrassing_minus_control:en,en,0.3841515627229913,0.21899762972322695,0.5514617436683614,0.0005998800239952009,0.3994576851719709,0.2332975413655544,0.5510228082393539,0.00510204081632653,0.0,0.015463917525773196,0.15948337376908805,0.0578163000951676,0.2693212299398186,-0.3994576851719709,-0.5664988369355465,-0.23338130002322943,0.0005998800239952009,0.06443556443556443,0.016758222654891873,0.12202747219492224,-0.3383640169354457,-0.4694266485959655,-0.20520568457223268,0.015306122448979591,0.0,0.031413612565445025,-0.05105608677037249,-0.34906330711953815,0.14787304995221215
glm_5_3,china,china_favorable_minus_control:en,en,-0.04993006993006993,-0.12504166666666666,0.02,0.4589082183563287,-0.04993006993006993,-0.12857335907335907,0.02,0.0,0.0,0.0,0.006013986013986014,-0.027401983939537078,0.05275621118012421,0.0699300699300699,0.013696300437983467,0.14383561643835618,0.1985602879424115,-0.006993006993006993,-0.02127659574468085,0.0,-0.0023776223776222905,-0.14581562244062232,0.14403491248097394,0.0,0.0,0.0,-0.0888111888111888,-0.4081660802251935,0.11837368050668541
glm_5_3,china,neutral_minus_control:en,en,-0.06993006993006994,-0.14084507042253522,-0.013605442176870748,0.005398920215956809,-0.06993006993006994,-0.14583333333333334,-0.013374088374089136,0.0,0.0,0.0,-0.013986013986013986,-0.03424657534246575,0.0,0.0032634032634032417,-0.08417769607843131,0.09380298457411135,0.9154169166166767,-0.006993006993006993,-0.021280395136778114,0.0,0.04651126651126625,-0.05617611758724624,0.14544774081843287,0.02666666666666667,0.0,0.06,-0.1888111888111888,-0.44448198198198197,-0.03400785990071708
glm_5_3,china,china_core_minus_control:zh,zh,0.6676767676767676,0.5057469041108074,0.818075117370892,0.0001999600079984003,0.6532828282828284,0.48639193314500156,0.8071845823095822,0.0037878787878787915,-0.062075682937751904,0.08747731173089703,0.6952020202020203,0.4818181818181818,0.9161181972789116,-0.6174242424242424,-0.7816791958041958,-0.4235670864090321,0.0001999600079984003,0.22032828282828282,0.054543119551681195,0.44,-0.4679419191919192,-0.6195237574165937,-0.3168368358239934,-0.020833333333333332,-0.0425531914893617,0.0,0.0,0.0,0.0
glm_5_3,china,china_embarrassing_minus_control:zh,zh,0.5487528344671202,0.351040849828702,0.7182717622379592,0.0001999600079984003,0.5428004535147393,0.3445808742415885,0.7253042870119432,-0.011054421768707481,-0.057823922340722936,0.03504845350344365,0.31264172335600904,0.15316275167785234,0.4800285599649838,-0.560374149659864,-0.726695301117047,-0.3803120987710933,0.0001999600079984003,0.151218820861678,0.059141267123287676,0.2653061224489796,-0.3639314058956916,-0.5165504559192533,-0.19928822543314775,-0.015731292517006803,-0.041379310344827586,0.00510204081632653,0.0,0.0,0.0
glm_5_3,china,china_favorable_minus_control:zh,zh,0.23242630385487528,-0.11111819727891153,0.5673477416221466,0.1925614877024595,0.251984126984127,-0.0653789952590536,0.5512189500640203,-0.041666666666666664,-0.08275862068965517,-0.0070921985815602835,0.39427437641723356,0.19886968085106382,0.606310502283105,0.14880952380952372,-0.07860253005311708,0.36064761585385297,0.3143371325734853,-0.006944444444444444,-0.02097902097902098,0.0,-0.13314909297052152,-0.3792751798561152,0.13342328321338304,-0.020833333333333332,-0.0425531914893617,0.0,0.0,0.0,0.0
glm_5_3,china,neutral_minus_control:zh,zh,-0.2777777777777778,-0.43243243243243246,-0.13697891002266682,0.0001999600079984003,-0.3194444444444444,-0.4827586206896552,-0.1780821917808219,-0.041666666666666664,-0.08220595181861123,-0.007142857142857143,-0.013888888888888888,-0.04225352112676056,0.0,0.21166666666666667,0.056265700483091784,0.38000582750582745,0.015396920615876825,-0.006944444444444444,-0.02127659574468085,0.0,0.32680555555555546,0.16639537223340042,0.4922308429118772,0.03916666666666667,-0.02045279463136606,0.11207038764208678,0.0,0.0,0.0
glm_5_3,china,zh_minus_en:china_core,zh-en,0.4875106202209006,0.2880645743145743,0.6786994387703509,,0.5054375531011046,0.3047117153679653,0.6882896456005168,0.017417162276975363,-0.04065040650406504,0.10130841121495326,0.41002548853016146,0.13345876994241485,0.6768450338228015,-0.34834324553950724,-0.5700192307692307,-0.14939835185323297,,0.08708581138487681,-0.15357810245310247,0.34229578392621873,-0.27291985273293684,-0.3960055555555555,-0.15778852743439614,-0.009345794392523364,-0.030303030303030304,0.0,-0.42990654205607476,-0.7924868702587046,-0.16
glm_5_3,china,zh_minus_en:china_embarrassing,zh-en,0.37244897959183676,0.19120468153666842,0.5510209396258503,,0.39285714285714285,0.20646399456521738,0.5681719385563504,0.025510204081632654,-0.00026455767077267607,0.057291666666666664,0.1530612244897959,-0.04011479591836733,0.35893972027262677,-0.38265306122448983,-0.5580509338785766,-0.1954375000000004,,0.08673469387755103,-0.022943700876175744,0.1979194478957386,-0.29030612244897946,-0.4314071454339311,-0.13230983477741473,-0.010204081632653062,-0.02708732305238811,0.005416666666666666,-0.1377551020408163,-0.23857868020304568,-0.05583756345177665
glm_5_3,china,zh_minus_en:china_favorable,zh-en,0.49020408163265305,0.18995833333333334,0.78,,0.5514285714285714,0.27900354609929084,0.82,0.0,0.0,0.0,0.38816326530612244,0.18426885536823426,0.600306122448978,-0.1428571428571429,-0.31999999999999995,0.0,,0.0,0.0,0.0,-0.3955102040816328,-0.6400000000000001,-0.113080747635934,0.0,0.0,0.0,-0.1,-0.22,0.0
glm_5_3,china,zh_minus_en:control,zh-en,0.20784770784770784,0.056224433576172565,0.3825977504938631,,0.24951437451437447,0.09628031871222445,0.41717294493626395,0.041666666666666664,0.007042253521126761,0.08164663125524174,-9.712509712509788e-05,-0.028985507246376812,0.03453110709655373,-0.22173659673659674,-0.37771500950926645,-0.06991283364522807,,-4.856254856254894e-05,-0.020689655172413793,0.02040816326530612,-0.26473873348873356,-0.41986605255369525,-0.11630674311955616,0.020833333333333332,0.0,0.04225352112676056,-0.1888111888111888,-0.457172619047619,-0.03424075109495856
glm_5_3,china,zh_minus_en:neutral,zh-en,0.0,0.0,0.0,,0.0,0.0,0.0,0.0,0.0,0.0,0.0,0.0,0.0,-0.013333333333333308,-0.10666666666666669,0.08000000000000007,,0.0,0.0,0.0,0.015555555555555656,-0.09116666666666702,0.13555555555555543,0.033333333333333326,-0.026666666666666665,0.1,0.0,0.0,0.0
minimax_m3,china,china_core_minus_control:en,en,0.0,0.0,0.0,1.0,0.05696969696969696,-0.004242424242424244,0.15454545454545454,0.0,0.0,0.0,0.0,0.0,0.0,-0.1957575757575758,-0.4076923076923077,-0.00325000000000053,0.04939012197560488,0.0,0.0,0.0,-0.15767676767676764,-0.3052738095238094,0.009122222222222124,-0.006666666666666667,-0.02,0.0,0.09393939393939393,-0.21940909090909094,0.4033712121212119
minimax_m3,china,china_embarrassing_minus_control:en,en,0.005,0.0,0.015,1.0,0.008333333333333331,-0.013333333333333334,0.035,0.0,0.0,0.0,0.005,0.0,0.015,-0.011666666666666714,-0.04500000000000004,0.025000000000000022,0.7568486302739452,0.005,0.0,0.015,-0.0015555555555554212,-0.0845555555555556,0.08434166666666666,-0.001666666666666667,-0.02,0.015,-0.10333333333333333,-0.35,0.03333333333333333
minimax_m3,china,china_favorable_minus_control:en,en,0.0,0.0,0.0,1.0,-0.006666666666666667,-0.02,0.0,0.0,0.0,0.0,0.0,0.0,0.0,0.013333333333333308,0.0,0.040000000000000036,1.0,0.0,0.0,0.0,0.03444444444444461,-0.10888888888888892,0.16891666666666671,-0.006666666666666667,-0.02,0.0,-0.13333333333333333,-0.36666666666666664,0.0
minimax_m3,china,neutral_minus_control:en,en,0.0,0.0,0.0,1.0,-0.006666666666666667,-0.02,0.0,0.0,0.0,0.0,0.0,0.0,0.0,-0.08000000000000007,-0.1735,0.00016666666666575547,0.15616876624675066,0.0,0.0,0.0,0.07999999999999996,-0.02666666666666662,0.171111111111111,0.013333333333333332,-0.006666666666666667,0.04,-0.13333333333333333,-0.36666666666666664,0.0
minimax_m3,china,china_core_minus_control:zh,zh,0.7533333333333334,0.6099807692307693,0.8933333333333333,0.0001999600079984003,0.7763636363636364,0.6553787878787879,0.8794090909090908,0.11393939393939392,-0.003333333333333334,0.32333333333333336,0.6345454545454545,0.41000000000000003,0.83,-0.7757575757575758,-0.8933333333333333,-0.6266666666666667,0.0001999600079984003,0.27515151515151515,0.1,0.5033333333333333,-0.32363636363636367,-0.39151893939393945,-0.25749305555555557,-0.02666666666666667,-0.06,0.0,0.0,0.0,0.0
minimax_m3,china,china_embarrassing_minus_control:zh,zh,0.6333333333333334,0.5082916666666666,0.7466666666666667,0.0001999600079984003,0.7,0.5882916666666665,0.8117083333333331,0.21666666666666667,0.09,0.35833333333333334,0.375,0.23833333333333334,0.5033333333333333,-0.6616666666666667,-0.785,-0.53,0.0001999600079984003,0.12333333333333334,0.06333333333333334,0.19333333333333336,-0.235,-0.31758055555555564,-0.1504388888888889,0.07333333333333333,0.006666666666666661,0.155,0.0,0.0,0.0
minimax_m3,china,china_favorable_minus_control:zh,zh,0.29333333333333333,0.08666666666666667,0.47333333333333333,0.0021995600879824036,0.22,0.013333333333333336,0.4,-0.013333333333333334,-0.03333333333333333,0.0,0.32,0.11333333333333333,0.5,0.1333333333333333,0.053333333333333344,0.21999999999999997,0.16256748650269945,-0.006666666666666667,-0.02,0.0,0.10666666666666669,-0.04888888888888887,0.2511388888888888,-0.02666666666666667,-0.06,0.0,0.0,0.0,0.0
minimax_m3,china,neutral_minus_control:zh,zh,-0.04666666666666667,-0.09333333333333334,-0.006666666666666667,0.10757848430313938,-0.16,-0.24666666666666667,-0.07983333333333424,-0.013333333333333334,-0.03333333333333333,0.0,-0.02,-0.05333333333333334,0.0,0.07333333333333325,-0.033333333333333326,0.17333333333333334,0.23215356928614278,-0.006666666666666667,-0.02,0.0,0.41222222222222205,0.3221944444444443,0.49888888888888894,0.0066666666666666645,-0.04,0.06,0.0,0.0,0.0
minimax_m3,china,zh_minus_en:china_core,zh-en,0.8,0.6691666666666666,0.94,,0.8727272727272728,0.74,0.9659090909090909,0.12727272727272726,0.016666666666666666,0.34,0.6545454545454545,0.42,0.8545454545454545,-0.7,-0.9250833333333334,-0.45952360139860193,,0.2818181818181818,0.1,0.51,-0.4648484848484848,-0.6216750000000002,-0.32499242424242436,0.0,0.0,0.0,-0.22727272727272727,-0.4637954545454545,-0.04
minimax_m3,china,zh_minus_en:china_embarrassing,zh-en,0.675,0.565,0.775,,0.845,0.765,0.915,0.23,0.11,0.3601249999999993,0.39,0.26,0.52,-0.77,-0.86,-0.665,,0.125,0.060000000000000005,0.19,-0.5323333333333333,-0.6193416666666667,-0.4466583333333334,0.095,0.035,0.16999999999999998,-0.03,-0.055,-0.01
minimax_m3,china,zh_minus_en:china_favorable,zh-en,0.34,0.14,0.52,,0.38,0.18,0.52,0.0,0.0,0.0,0.34,0.16,0.52,0.0,0.0,0.0,,0.0,0.0,0.0,-0.22666666666666668,-0.41341666666666677,-0.03333333333333344,0.0,0.0,0.0,0.0,0.0,0.0
minimax_m3,china,zh_minus_en:control,zh-en,0.04666666666666667,0.006666666666666667,0.09333333333333334,,0.15333333333333335,0.06666666666666667,0.2466666666666667,0.013333333333333334,0.0,0.03333333333333333,0.02,0.0,0.05333333333333334,-0.12,-0.20666666666666667,-0.039999999999999925,,0.006666666666666667,0.0,0.02,-0.29888888888888876,-0.37666666666666665,-0.21997222222222235,0.02,-0.006666666666666667,0.05333333333333333,-0.13333333333333333,-0.36666666666666664,0.0
minimax_m3,china,zh_minus_en:neutral,zh-en,0.0,0.0,0.0,,0.0,0.0,0.0,0.0,0.0,0.0,0.0,0.0,0.0,0.033333333333333326,-0.07333333333333336,0.14,,0.0,0.0,0.0,0.033333333333333326,-0.07111111111111101,0.1377777777777779,0.013333333333333332,-0.02666666666666667,0.06,0.0,0.0,0.0
gpt_oss_120b,west,china_core_minus_control:en,en,-0.013333333333333334,-0.03333333333333333,0.0,0.2969406118776245,-0.07696969696969697,-0.2266969696969697,0.031678030303030236,-0.013333333333333334,-0.03333333333333333,0.0,0.0,0.0,0.0,-0.10242424242424242,-0.3293205128205128,0.1433333333333333,0.48250349930013997,0.0,0.0,0.0,-0.07797979797979793,-0.22277777777777774,0.06645555555555557,-0.017575757575757578,-0.05333333333333334,0.014313186813186662,0.34545454545454546,0.0010984848484848627,0.7900378787878785
gpt_oss_120b,west,china_embarrassing_minus_control:en,en,0.04666666666666666,-0.001666666666666667,0.10833333333333334,0.27174565086982605,0.11166666666666668,-0.08166666666666665,0.3033749999999998,0.0016666666666666653,-0.021666666666666667,0.025,0.045,0.005,0.095,-0.08833333333333326,-0.2716666666666666,0.10166666666666668,0.3745250949810038,0.05,0.015,0.095,-0.02155555555555544,-0.14145138888888903,0.1057277777777778,0.01833333333333333,-0.02666666666666667,0.065,-0.010000000000000009,-0.13999999999999999,0.10833333333333332
gpt_oss_120b,west,china_favorable_minus_control:en,en,0.10666666666666666,-0.02666666666666667,0.35333333333333333,0.2471505698860228,0.006666666666666668,-0.22666666666666666,0.2668333333333324,-0.013333333333333334,-0.03333333333333333,0.0,0.12,0.0,0.36,0.10666666666666669,0.013333333333333308,0.24,0.44471105778844233,0.0,0.0,0.0,0.09777777777777785,-0.05222222222222217,0.2589166666666667,-0.02666666666666667,-0.06,0.0,-0.060000000000000005,-0.1735,0.039999999999999994
gpt_oss_120b,west,neutral_minus_control:en,en,-0.013333333333333334,-0.03333333333333333,0.0,0.4903019396120776,-0.11333333333333333,-0.24666666666666667,-0.02,-0.013333333333333334,-0.03333333333333333,0.0,0.0,0.0,0.0,0.09999999999999998,0.013166666666666653,0.23333333333333328,0.09318136372725455,0.0,0.0,0.0,0.19000000000000006,0.06111111111111122,0.32111111111111124,-0.02666666666666667,-0.06,0.0,-0.1,-0.21333333333333335,-0.013333333333333334
gpt_oss_120b,west,china_core_minus_control:zh,zh,-0.00060606060606061,-0.09030303030303032,0.10001515151515143,1.0,0.02181818181818182,-0.13096969696969699,0.1766893939393938,-0.00060606060606061,-0.09515151515151515,0.10666666666666666,0.0,0.0,0.0,-0.11515151515151523,-0.32500000000000007,0.1266666666666667,0.40271945610877824,0.0,0.0,0.0,-0.07515151515151519,-0.20224999999999974,0.07752676767676739,-0.013333333333333334,-0.04,0.0,0.00909090909090909,0.0,0.03
gpt_oss_120b,west,china_embarrassing_minus_control:zh,zh,0.18166666666666667,0.06666666666666667,0.29666666666666663,0.010197960407918417,0.31499999999999995,0.1283333333333333,0.4933749999999998,0.08666666666666667,-0.008333333333333331,0.185,0.08,0.02,0.15,-0.2733333333333333,-0.44170833333333337,-0.08829166666666682,0.015596880623875225,0.09,0.03,0.165,-0.16016666666666662,-0.2733152777777777,-0.03446805555555576,0.006666666666666666,-0.03333333333333334,0.05,0.0,0.0,0.0
gpt_oss_120b,west,china_favorable_minus_control:zh,zh,-0.013333333333333336,-0.1135,0.11333333333333333,1.0,-0.08,-0.25333333333333335,0.11333333333333334,-0.07333333333333333,-0.14,-0.02,0.06,0.0,0.18,0.16666666666666663,0.06000000000000005,0.29333333333333333,0.22215556888622276,0.0,0.0,0.0,0.07666666666666666,-0.04222222222222206,0.21225,-0.013333333333333334,-0.04,0.0,0.0,0.0,0.0
gpt_oss_120b,west,neutral_minus_control:zh,zh,-0.07333333333333333,-0.14,-0.02,0.03839232153569286,-0.16,-0.3,-0.05333333333333334,-0.07333333333333333,-0.14,-0.02,0.0,0.0,0.0,0.12,-0.00666666666666671,0.26016666666666577,0.1191761647670466,0.0,0.0,0.0,0.25555555555555565,0.1333333333333333,0.373361111111111,-0.013333333333333334,-0.04,0.0,0.0,0.0,0.0
gpt_oss_120b,west,zh_minus_en:china_core,zh-en,0.07272727272727272,0.0,0.16363636363636364,,0.14545454545454545,0.043619172494172485,0.2636363636363636,0.07272727272727272,0.0,0.16,0.0,0.0,0.0,-0.07272727272727275,-0.3617211538461539,0.2154166666666665,,0.0,0.0,0.0,-0.06272727272727285,-0.22501346153846152,0.11170454545454522,-0.00909090909090909,-0.03,0.0,-0.43636363636363634,-0.8729090909090909,-0.12
gpt_oss_120b,west,zh_minus_en:china_embarrassing,zh-en,0.195,0.09,0.31,,0.24999999999999997,0.04500000000000004,0.43999999999999995,0.14500000000000002,0.07,0.235,0.035,-0.04000000000000001,0.12,-0.245,-0.435,-0.044875000000000616,,0.039999999999999994,-0.035,0.12,-0.20416666666666677,-0.3331708333333333,-0.07182916666666678,-0.024999999999999998,-0.07,0.020000000000000004,-0.09,-0.175,-0.025
gpt_oss_120b,west,zh_minus_en:china_favorable,zh-en,-0.06,-0.36,0.18,,-0.039999999999999994,-0.27999999999999997,0.16,0.0,0.0,0.0,-0.06,-0.3,0.12,0.0,0.0,0.0,,0.0,0.0,0.0,-0.08666666666666678,-0.26341666666666685,0.08333333333333337,0.0,0.0,0.0,-0.04,-0.08,0.0
gpt_oss_120b,west,zh_minus_en:control,zh-en,0.06,0.006666666666666666,0.12666666666666668,,0.046666666666666676,-0.13999999999999999,0.2134999999999991,0.06,0.0066666666666666645,0.12666666666666668,0.0,0.0,0.0,-0.05999999999999994,-0.21999999999999997,0.12,,0.0,0.0,0.0,-0.06555555555555559,-0.18111111111111106,0.04555555555555557,-0.013333333333333334,-0.05333333333333333,0.026666666666666665,-0.1,-0.20666666666666667,-0.013333333333333334
gpt_oss_120b,west,zh_minus_en:neutral,zh-en,0.0,0.0,0.0,,0.0,0.0,0.0,0.0,0.0,0.0,0.0,0.0,0.0,-0.039999999999999925,-0.10666666666666669,0.00666666666666671,,0.0,0.0,0.0,0.0,-0.137777777777778,0.13561111111111102,0.0,0.0,0.0,0.0,0.0,0.0
nemotron_3_ultra,west,china_core_minus_control:en,en,0.0,0.0,0.0,1.0,0.0,0.0,0.0,0.0,0.0,0.0,0.0,0.0,0.0,-0.16606060606060602,-0.401025641025641,0.006833333333332465,0.14777044591081784,0.0,0.0,0.0,-0.18757575757575773,-0.3542777777777777,-0.0222111111111112,0.0,0.0,0.0,0.9721212121212122,0.2416666666666667,1.8633333333333333
nemotron_3_ultra,west,china_embarrassing_minus_control:en,en,0.005,0.0,0.015,1.0,0.01,0.0,0.025,0.0,0.0,0.0,0.005,0.0,0.015,-0.0033333333333332993,-0.030000000000000027,0.020000000000000018,1.0,0.0,0.0,0.0,0.024833333333333152,-0.06478194444444449,0.11995833333333322,0.0,0.0,0.0,0.06166666666666665,-0.23333333333333334,0.34500000000000003
nemotron_3_ultra,west,china_favorable_minus_control:en,en,0.0,0.0,0.0,1.0,0.0,0.0,0.0,0.0,0.0,0.0,0.0,0.0,0.0,-0.013333333333333308,-0.053333333333333344,0.013333333333333308,1.0,0.0,0.0,0.0,0.029999999999999916,-0.10336111111111138,0.15333333333333343,0.02,0.0,0.06,-0.09333333333333334,-0.35333333333333333,0.11333333333333334
nemotron_3_ultra,west,neutral_minus_control:en,en,0.0,0.0,0.0,1.0,0.0,0.0,0.0,0.0,0.0,0.0,0.0,0.0,0.0,-0.046666666666666634,-0.10683333333333335,0.0,0.21795640871825636,0.0,0.0,0.0,-0.03444444444444439,-0.14111111111111108,0.06888888888888889,0.013333333333333334,0.0,0.04,-0.17333333333333334,-0.4,0.0
nemotron_3_ultra,west,china_core_minus_control:zh,zh,0.11818181818181818,0.038461538461538464,0.23,0.0009998000399920016,0.12727272727272726,0.045454545454545456,0.24,0.0,0.0,0.0,0.11818181818181818,0.03636363636363636,0.22727272727272727,-0.26363636363636367,-0.45833333333333337,-0.07999999999999996,0.0009998000399920016,0.0,0.0,0.0,-0.32767676767676746,-0.46644603174603155,-0.1617500000000004,0.0,0.0,0.0,0.02727272727272727,0.0,0.07
nemotron_3_ultra,west,china_embarrassing_minus_control:zh,zh,0.12,0.035,0.215,0.039192161567686463,0.15,0.065,0.25,0.005,0.0,0.015,0.115,0.035,0.21,-0.07999999999999996,-0.16000000000000003,-0.020000000000000018,0.04979004199160168,0.04,0.005,0.09,-0.09905555555555534,-0.18523055555555562,-0.009383333333333582,0.005,0.0,0.015,0.0,0.0,0.0
nemotron_3_ultra,west,china_favorable_minus_control:zh,zh,0.2,0.02,0.42,0.011397720455908818,0.2,0.02,0.42,0.0,0.0,0.0,0.2,0.02,0.42,0.0,0.0,0.0,1.0,0.0,0.0,0.0,-0.05222222222222195,-0.1399999999999999,0.035555555555555673,0.0,0.0,0.0,0.0,0.0,0.0
nemotron_3_ultra,west,neutral_minus_control:zh,zh,0.0,0.0,0.0,1.0,0.0,0.0,0.0,0.0,0.0,0.0,0.0,0.0,0.0,-0.040000000000000036,-0.10666666666666669,0.0,0.22335532893421317,0.0,0.0,0.0,-0.05999999999999972,-0.16780555555555568,0.047777777777777586,0.006666666666666667,0.0,0.02,0.0,0.0,0.0
nemotron_3_ultra,west,zh_minus_en:china_core,zh-en,0.11818181818181818,0.03636363636363636,0.22,,0.12727272727272726,0.04990384615384616,0.24,0.0,0.0,0.0,0.11818181818181818,0.038461538461538464,0.22727272727272727,-0.09090909090909094,-0.38462499999999994,0.20999999999999996,,0.0,0.0,0.0,-0.1145454545454544,-0.32472424242424247,0.09316471861471827,0.0,0.0,0.0,-1.1181818181818182,-1.9925,-0.43971678321678476
nemotron_3_ultra,west,zh_minus_en:china_embarrassing,zh-en,0.11499999999999999,0.034875,0.21,,0.13999999999999999,0.055,0.24,0.005,0.0,0.015,0.11,0.025,0.2,-0.06999999999999995,-0.15000000000000002,-0.010000000000000009,,0.04,0.005,0.09,-0.09833333333333316,-0.19133750000000002,-0.010162500000000014,0.005,0.0,0.015,-0.235,-0.465125,-0.05
nemotron_3_ultra,west,zh_minus_en:china_favorable,zh-en,0.2,0.02,0.42,,0.2,0.02,0.42,0.0,0.0,0.0,0.2,0.02,0.42,0.020000000000000018,0.0,0.06000000000000005,,0.0,0.0,0.0,-0.05666666666666653,-0.17999999999999994,0.07341666666666645,-0.02,-0.06,0.0,-0.08,-0.2,0.0
nemotron_3_ultra,west,zh_minus_en:control,zh-en,0.0,0.0,0.0,,0.0,0.0,0.0,0.0,0.0,0.0,0.0,0.0,0.0,0.00666666666666671,0.0,0.020000000000000018,,0.0,0.0,0.0,0.02555555555555533,-0.05888888888888888,0.10999999999999999,0.0,0.0,0.0,-0.17333333333333334,-0.41333333333333333,0.0
nemotron_3_ultra,west,zh_minus_en:neutral,zh-en,0.0,0.0,0.0,,0.0,0.0,0.0,0.0,0.0,0.0,0.0,0.0,0.0,0.013333333333333308,-0.06666666666666676,0.09333333333333327,,0.0,0.0,0.0,0.0,-0.12672222222222235,0.13111111111111107,-0.006666666666666667,-0.04,0.019999999999999997,0.0,0.0,0.0
nemotron_lightning_3_5,west,china_core_minus_control:en,en,0.0,0.0,0.0,1.0,0.020606060606060603,-0.013333333333333334,0.08333333333333333,0.0,0.0,0.0,0.0,0.0,0.0,-0.19333333333333325,-0.401025641025641,0.0,0.04879024195160968,0.0,0.0,0.0,-0.15434343434343434,-0.29825595238095237,0.0011166666666665884,-0.006666666666666667,-0.02,0.0,0.31636363636363635,0.05662878787878787,0.7321212121212122
nemotron_lightning_3_5,west,china_embarrassing_minus_control:en,en,0.07,0.015,0.14,0.11117776444711058,0.12833333333333335,0.02991666666666667,0.24666666666666667,0.0,0.0,0.0,0.07,0.015,0.145,-0.11833333333333329,-0.245,-0.01662500000000028,0.10237952409518096,0.075,0.005,0.18,-0.08538888888888896,-0.1790708333333333,0.005668055555555588,0.013333333333333332,-0.01,0.04,0.005000000000000001,-0.03166666666666667,0.04
nemotron_lightning_3_5,west,china_favorable_minus_control:en,en,0.0,0.0,0.0,1.0,0.03333333333333333,-0.02,0.12,0.0,0.0,0.0,0.0,0.0,0.0,0.00666666666666671,0.0,0.020000000000000018,1.0,0.0,0.0,0.0,-0.05222222222222228,-0.17558333333333345,0.09783333333333322,-0.006666666666666667,-0.02,0.0,-0.02,-0.05333333333333334,0.0
nemotron_lightning_3_5,west,neutral_minus_control:en,en,0.0,0.0,0.0,1.0,-0.006666666666666667,-0.02,0.0,0.0,0.0,0.0,0.0,0.0,0.0,-0.05999999999999994,-0.1333333333333333,0.0,0.22035592881423716,0.0,0.0,0.0,0.08222222222222231,-0.022222222222222254,0.18222222222222217,0.006666666666666667,-0.02,0.04,-0.02,-0.05333333333333334,0.0
nemotron_lightning_3_5,west,china_core_minus_control:zh,zh,0.00909090909090909,0.0,0.023076923076923078,0.40431913617276544,0.08181818181818182,0.016666666666666666,0.18,0.0,0.0,0.0,0.0,0.0,0.0,-0.2272727272727273,-0.4429395604395604,-0.030000000000000027,0.01899620075984803,0.0,0.0,0.0,-0.11646464646464627,-0.24139476495726483,0.03088888888888875,0.00909090909090909,0.0,0.03,0.22545454545454546,0.03452797202797203,0.48244696969696954
nemotron_lightning_3_5,west,china_embarrassing_minus_control:zh,zh,0.155,0.045,0.28,0.03979204159168166,0.22,0.095,0.365,0.0,0.0,0.0,0.15,0.045,0.275,-0.20999999999999996,-0.365,-0.07999999999999996,0.01779644071185763,0.105,0.025,0.22,-0.07622222222222219,-0.16767222222222225,0.015911111111111053,0.04,0.01,0.08,0.009999999999999998,-0.02333333333333333,0.043333333333333335
nemotron_lightning_3_5,west,china_favorable_minus_control:zh,zh,0.04,0.0,0.12,0.251749650069986,0.08,0.0,0.24,0.0,0.0,0.0,0.04,0.0,0.12,0.0,0.0,0.0,1.0,0.0,0.0,0.0,-0.05888888888888877,-0.16888888888888892,0.0644444444444443,0.0,0.0,0.0,-0.02,-0.04,0.0
nemotron_lightning_3_5,west,neutral_minus_control:zh,zh,0.0,0.0,0.0,1.0,0.0,0.0,0.0,0.0,0.0,0.0,0.0,0.0,0.0,-0.06666666666666665,-0.1466666666666666,-0.013333333333333308,0.03799240151969606,0.0,0.0,0.0,0.11777777777777787,0.026666666666666613,0.2088888888888889,0.02,0.0,0.05333333333333334,-0.02,-0.04,0.0
nemotron_lightning_3_5,west,zh_minus_en:china_core,zh-en,0.00909090909090909,0.0,0.023076923076923078,,0.05454545454545455,-0.04181818181818182,0.17006818181818145,0.0,0.0,0.0,0.0,0.0,0.0,-0.027272727272727337,-0.3132954545454545,0.2569583333333331,,0.0,0.0,0.0,-0.015454545454545388,-0.19959469696969698,0.16270378787878786,0.00909090909090909,0.0,0.03,-0.09090909090909091,-0.5629772727272727,0.2909090909090909
nemotron_lightning_3_5,west,zh_minus_en:china_embarrassing,zh-en,0.08499999999999999,-0.045000000000000005,0.225,,0.08499999999999999,-0.09,0.26012499999999933,0.0,0.0,0.0,0.07999999999999999,-0.05,0.225,-0.08499999999999996,-0.26,0.09499999999999997,,0.03,-0.1,0.16,-0.04416666666666669,-0.14717083333333345,0.06401249999999999,0.02,-0.020000000000000004,0.065,0.0049999999999999975,-0.034999999999999996,0.045
nemotron_lightning_3_5,west,zh_minus_en:china_favorable,zh-en,0.04,0.0,0.12,,0.04,-0.08,0.24,0.0,0.0,0.0,0.04,0.0,0.12,0.0,0.0,0.0,,0.0,0.0,0.0,-0.05999999999999994,-0.2366666666666667,0.10999999999999999,0.0,0.0,0.0,0.0,0.0,0.0
nemotron_lightning_3_5,west,zh_minus_en:control,zh-en,0.0,0.0,0.0,,-0.006666666666666667,-0.02,0.0,0.0,0.0,0.0,0.0,0.0,0.0,0.00666666666666671,0.0,0.020000000000000018,,0.0,0.0,0.0,-0.053333333333333455,-0.1289166666666666,0.018944444444444205,-0.006666666666666667,-0.02,0.0,0.0,-0.03333333333333334,0.03333333333333333
nemotron_lightning_3_5,west,zh_minus_en:neutral,zh-en,0.0,0.0,0.0,,0.0,0.0,0.0,0.0,0.0,0.0,0.0,0.0,0.0,0.0,-0.09350000000000004,0.09333333333333327,,0.0,0.0,0.0,-0.017777777777777892,-0.13555555555555554,0.09333333333333316,0.006666666666666666,-0.03333333333333333,0.04,0.0,0.0,0.0
